TIME,RPM,TPS,Posição_do_acelerador,Ponto_de_ignição,MAP,Alvo_do_malha_fechada,Sonda_Malha_Fechada,Correção_do_malha_fechada,Sonda_Geral,2-step,Marcha_Atual,Largada_validada,Marcha,Vazão_da_bancada_A,Fluxo_total_de_combustível,Ângulo_da_Fase_de_Injeção,Abertura_bicos_A,Tempo_de_Injeção_Banco_A,Temp._do_motor,Temp._do_Ar,Tensão_da_Bateria,Dwell_de_ignição,Pressão_de_Óleo,Eletroventilador_1_-_PWM,Temperatura_da_transmissão,Pressão_da_embreagem,Pressão_do_freio,Contra_pressão,Corte_-_Controle_de_Rotação,Corte_-_2-step,Sinal_de_sincronia_do_motor,Corte_na_desaceleração_(cutoff),Partida_do_motor,Lenta,Primeiro_pulso_de_partida,Injeção_rápida_e_de_decaimento,Consumo_total,Potência_estimada,Torque_estimado,Distância_total,Ignição_(Cil_1),Ignição_(Cil_2),Ajuste_ativo,Corrente_saídas_amarelo_1_e_2,Corrente_saídas_amarelo_3_e_4,Tensão_do_Terra_de_Potência,Amortecedor_dianteiro_esquerdo,Temperatura_pneu_dianteiro_esquerdo,Temperatura_pneu_dianteiro_direito,Amortecedor_dianteiro_direito,Temperatura_pneu_traseiro_esquerdo,Temperatura_pneu_traseiro_direito,Amortecedor_traseiro_esquerdo,Amortecedor_traseiro_direito,Velocidade_do_amortecedor_DE,Velocidade_do_amortecedor_DD,Velocidade_do_amortecedor_TE,Velocidade_do_amortecedor_TD,Eletroventilador_1,Eletroventilador_2,Bomba_Combustível,Incremento_de_marcha,Decremento_de_marcha,Freio,Velocidade_em_aceleração,Velocidade_de_tração,Velocidade_de_referência,Velocidade_da_roda_frontal_esquerda,Velocidade_da_roda_traseira_esquerda,Velocidade_da_roda_traseira_direita,Controle_de_tração_-_Slip,Controle_de_tração_-_Slip_rate,Força_G_aceleração,Força_G_lateral,Inclinação_frontal,Taxa_de_inclinação_frontal,Direção_(Heading),Inclinação_lateral,Taxa_de_inclinação_lateral,Inclinação,Temperatura_interna_da_placa_#1,5V_dos_sensores,Sensor_de_marcha_(volts),Roda_fônica_-_Quantidade_de_dentes_detectados,Roda_Fônica_-_período_entre_dentes,Roda_fônica_-_período_detecção_dente_faltando,GCM_-_Tensão_da_alavanca,Injeção_rápida,Injeção_de_decaimento,Cutoff_de_injeção,Controle_de_lenta,Injeção_pós_partida,Pit_limit,Blip/Punta_taco,Roda_fônica_-_Ruído_na_leitura,Roda_fônica_-_Borda_de_pulso_incorreta,Roda_fônica_-_Timeout_do_pulso,Fase_-_Timeout_do_pulso,Roda_fônica_-_Timeout_do_dente,Anti-lag_-_Ativação,GCM_-_Ativado,GCM_-_Incremento_de_marcha,GCM_-_Redução_de_marcha,GCM_-_Corte_na_redução_de_potência,GCM_-_Ignição_na_redução_de_potência,GCM_-_Abertura_adicional_de_borboleta,GCM_-_Saída_de_incremento_de_marcha,GCM_-_Saída_de_redução_de_marcha,GCM_-_%_de_corte
17.733,6367,3.1,3.1,60.48,-0.66,0.983,0.938,21.48,0.930,OFF,4,OFF,2,24.49,24.49,288.48,29.16,6.007,86.1,37.4,13.40,4.50,3.25,19.4,72.3,14.0,14.0,32.767,0,0,ON,OFF,OFF,OFF,OFF,0.010,45.53,38,46,217.9,60.48,60.48,3,0.053,0.053,-0.29,19.581,81.2,78.8,18.986,70.8,72.7,6.813,22.674,15.46,-18.28,-0.58,2.13,ON,OFF,ON,OFF,OFF,ON,0.0,49.3,43.9,44.0,48.8,49.0,14.6,-244,0.174,0.237,14.2,4.1,-28.1,-5.0,4.0,2.0,38.3,5.05,2.980,22,0,1,0.000,OFF,OFF,OFF,OFF,OFF,OFF,OFF,OFF,OFF,OFF,OFF,OFF,OFF,OFF,OFF,OFF,OFF,OFF,OFF,OFF,OFF,0
17.773,6310,3.3,3.3,61.71,-0.71,0.984,0.928,21.17,0.924,OFF,4,OFF,3,24.67,24.67,288.27,29.37,6.054,86.1,37.4,13.40,4.50,3.25,19.4,72.3,14.0,14.0,32.767,0,0,ON,OFF,OFF,OFF,OFF,0.012,45.53,38,47,217.9,61.71,61.71,3,0.053,0.053,-0.29,19.626,81.2,78.8,17.101,70.8,72.7,6.837,22.640,7.76,-27.40,-0.10,0.32,ON,OFF,ON,OFF,OFF,ON,0.0,49.4,44.6,45.4,48.1,49.4,14.8,-226,0.130,0.156,14.3,0.6,-27.5,-4.8,4.7,1.3,38.3,5.05,3.009,22,0,1,0.000,OFF,OFF,OFF,OFF,OFF,OFF,OFF,OFF,OFF,OFF,OFF,OFF,OFF,OFF,OFF,OFF,OFF,OFF,OFF,OFF,OFF,0
17.813,6155,8.9,8.9,61.44,-0.73,0.984,0.929,21.02,0.921,OFF,4,OFF,4,24.85,24.85,288.06,29.58,6.100,86.1,37.4,13.40,4.50,3.24,19.4,72.3,14.0,14.0,32.767,0,0,ON,OFF,OFF,OFF,OFF,0.020,45.53,38,47,217.9,61.44,61.44,3,0.053,0.053,-0.29,19.901,81.2,78.8,17.205,70.8,72.7,6.814,22.546,7.65,-10.78,-0.23,-1.26,ON,OFF,ON,OFF,OFF,ON,0.0,49.5,43.4,44.7,48.2,49.3,15.0,-209,0.062,0.159,14.3,-1.7,-27.0,-4.6,4.8,1.2,38.3,5.05,3.038,22,0,1,0.000,ON,OFF,OFF,OFF,OFF,OFF,OFF,OFF,OFF,OFF,OFF,OFF,OFF,OFF,OFF,OFF,OFF,OFF,OFF,OFF,OFF,0
17.853,5765,21.0,21.0,59.92,-0.73,0.985,0.911,20.49,0.902,OFF,4,OFF,3,25.02,25.02,287.84,29.79,6.147,86.1,37.4,13.40,4.50,3.22,19.4,72.3,14.0,14.0,32.767,0,0,ON,OFF,OFF,OFF,OFF,0.040,45.53,38,47,217.9,59.92,59.92,3,0.053,0.053,-0.29,20.131,81.2,78.8,17.671,70.8,72.7,6.830,22.165,6.18,1.98,-0.07,-5.22,ON,OFF,ON,OFF,OFF,ON,0.0,51.7,44.2,44.2,51.0,50.3,15.1,-192,0.038,0.181,14.3,1.5,-26.5,-4.4,4.6,1.2,38.3,5.05,3.067,22,1,1,0.000,ON,OFF,OFF,OFF,OFF,OFF,OFF,OFF,OFF,OFF,OFF,OFF,OFF,OFF,OFF,OFF,OFF,OFF,OFF,OFF,OFF,0
17.893,5310,29.4,29.4,57.59,-0.70,0.984,0.878,19.63,0.876,OFF,4,OFF,3,25.20,25.20,287.63,30.01,6.193,86.1,37.4,13.40,4.50,3.21,19.4,72.3,14.0,14.0,32.767,0,0,ON,OFF,OFF,OFF,OFF,0.060,45.53,39,48,217.9,57.59,57.59,3,0.053,0.053,-0.28,19.693,81.2,78.8,18.024,70.8,72.7,7.003,21.786,-3.33,4.58,1.70,-5.75,ON,OFF,ON,OFF,OFF,ON,0.0,54.8,45.9,45.0,54.1,52.3,15.3,-175,0.100,0.231,14.4,5.3,-25.9,-4.2,5.1,1.3,38.3,5.05,3.096,22,1,1,0.000,ON,OFF,OFF,OFF,OFF,OFF,OFF,OFF,OFF,OFF,OFF,OFF,OFF,OFF,OFF,OFF,OFF,OFF,OFF,OFF,OFF,0
17.933,5171,37.6,37.6,55.10,-0.63,0.984,0.861,19.03,0.859,OFF,4,OFF,3,25.38,25.38,287.42,30.22,6.239,86.1,37.4,13.40,4.50,3.20,19.4,72.4,14.0,14.0,32.767,0,0,ON,OFF,OFF,OFF,OFF,0.080,45.53,39,48,217.9,55.10,55.10,3,0.053,0.053,-0.28,18.851,81.2,78.8,17.902,70.9,72.7,7.121,21.800,-13.89,1.10,2.44,-2.91,ON,OFF,ON,OFF,OFF,ON,0.0,50.9,45.4,43.8,49.6,50.6,15.5,-158,0.124,0.303,14.6,1.2,-25.2,-4.1,4.6,1.9,38.3,5.05,3.125,22,2,1,0.000,ON,OFF,OFF,OFF,OFF,OFF,OFF,OFF,OFF,OFF,OFF,OFF,OFF,OFF,OFF,OFF,OFF,OFF,OFF,OFF,OFF,0
17.973,5292,41.5,41.5,51.64,-0.54,0.982,0.856,18.62,0.860,OFF,3,OFF,3,25.56,25.56,287.21,30.43,6.286,86.1,37.3,13.40,4.50,3.18,19.4,72.5,14.0,14.0,32.767,0,0,ON,OFF,OFF,OFF,OFF,0.100,45.53,39,48,217.9,51.64,51.64,3,0.053,0.053,-0.28,18.555,81.3,78.9,18.322,71.0,72.8,7.002,21.656,-11.03,5.32,0.01,-3.08,ON,OFF,ON,OFF,OFF,ON,0.0,49.6,44.5,43.5,48.5,49.5,15.7,-140,0.087,0.445,14.5,-3.7,-24.4,-3.9,2.1,3.4,38.3,5.05,3.154,22,3,1,0.000,ON,OFF,OFF,OFF,OFF,OFF,OFF,OFF,OFF,OFF,OFF,OFF,OFF,OFF,OFF,OFF,OFF,OFF,OFF,OFF,OFF,0
18.013,5423,42.6,42.6,48.06,-0.46,0.980,0.859,18.31,0.882,OFF,3,OFF,3,25.74,25.74,287.00,30.64,6.332,86.1,37.3,13.40,4.50,3.18,19.4,72.5,14.0,14.0,32.767,0,0,ON,OFF,OFF,OFF,OFF,0.108,45.53,40,49,217.9,48.06,48.06,3,0.053,0.053,-0.28,18.739,81.4,79.0,19.393,71.0,72.8,6.864,21.353,-3.22,14.00,-1.11,-4.51,ON,OFF,ON,OFF,OFF,ON,0.0,49.5,44.9,43.5,48.4,49.5,15.9,-123,0.009,0.512,14.3,-2.1,-23.6,-3.9,1.6,4.4,38.3,5.05,3.183,22,3,1,0.000,ON,OFF,OFF,OFF,OFF,OFF,OFF,OFF,OFF,OFF,OFF,OFF,OFF,OFF,OFF,OFF,OFF,OFF,OFF,OFF,OFF,0
18.053,5481,43.5,43.5,43.98,-0.40,0.978,0.912,18.80,0.954,OFF,3,OFF,3,25.91,25.91,286.79,30.85,6.379,86.1,37.3,13.40,4.50,3.18,19.4,72.5,14.0,14.0,32.767,0,0,ON,OFF,OFF,OFF,OFF,0.088,45.53,40,49,217.9,43.98,43.98,3,0.053,0.053,-0.28,18.780,81.4,79.0,19.981,71.0,72.8,6.968,21.408,0.18,16.40,1.01,-1.12,ON,OFF,ON,OFF,OFF,ON,0.0,50.4,43.6,44.5,50.1,50.4,16.1,-106,-0.011,0.510,14.4,2.3,-22.6,-3.8,2.5,4.1,38.3,5.05,3.212,22,2,1,0.000,ON,OFF,OFF,OFF,OFF,OFF,OFF,OFF,OFF,OFF,OFF,OFF,OFF,OFF,OFF,OFF,OFF,OFF,OFF,OFF,OFF,0
18.093,5465,44.6,44.6,40.31,-0.36,0.976,1.035,20.77,1.061,OFF,3,OFF,3,26.09,26.09,286.58,31.07,6.425,86.1,37.3,13.40,4.50,3.18,19.4,72.5,14.0,14.0,32.767,0,0,ON,OFF,OFF,OFF,OFF,0.068,45.53,40,49,217.9,40.31,40.31,3,0.053,0.053,-0.27,18.855,81.4,79.0,19.922,71.0,72.8,7.046,21.576,1.42,6.62,1.39,1.62,ON,OFF,ON,OFF,OFF,ON,0.0,51.5,43.7,46.3,51.0,51.5,16.3,-89,0.075,0.493,14.5,4.3,-21.6,-3.7,2.2,3.5,38.3,5.05,3.241,22,2,1,0.000,ON,OFF,OFF,OFF,OFF,OFF,OFF,OFF,OFF,OFF,OFF,OFF,OFF,OFF,OFF,OFF,OFF,OFF,OFF,OFF,OFF,0
18.133,5498,45.3,45.3,37.57,-0.33,0.974,1.112,22.37,1.142,OFF,3,OFF,3,26.27,26.27,286.37,31.28,6.471,86.1,37.3,13.40,4.50,3.18,19.4,72.5,14.0,14.0,32.767,0,0,ON,OFF,OFF,OFF,OFF,0.047,45.53,40,50,217.9,37.57,37.57,3,0.053,0.053,-0.27,19.058,81.4,79.0,19.602,71.0,72.8,7.005,21.832,3.90,-0.72,0.19,3.13,ON,OFF,ON,OFF,OFF,ON,0.0,51.5,44.3,46.0,51.0,51.5,16.5,-72,0.162,0.476,14.6,3.8,-20.7,-3.6,2.2,2.9,38.3,5.05,3.270,22,2,1,0.000,ON,OFF,OFF,OFF,OFF,OFF,OFF,OFF,OFF,OFF,OFF,OFF,OFF,OFF,OFF,OFF,OFF,OFF,OFF,OFF,OFF,0
18.173,5589,45.9,45.9,35.58,-0.31,0.972,1.159,23.35,1.184,OFF,3,OFF,3,26.45,26.45,286.16,31.49,6.518,86.1,37.3,13.40,4.50,3.18,19.4,72.5,14.0,14.0,32.767,0,0,ON,OFF,OFF,OFF,OFF,0.027,45.53,41,50,217.9,35.58,35.58,3,0.053,0.052,-0.27,19.303,81.4,79.0,19.661,71.0,72.8,6.909,21.849,6.03,-0.33,0.44,2.03,ON,OFF,ON,OFF,OFF,ON,0.0,51.4,45.6,44.9,51.0,51.4,16.7,-55,0.168,0.478,14.8,5.9,-19.9,-3.5,0.2,1.9,38.3,5.05,3.299,22,1,1,0.000,ON,OFF,OFF,OFF,OFF,OFF,OFF,OFF,OFF,OFF,OFF,OFF,OFF,OFF,OFF,OFF,OFF,OFF,OFF,OFF,OFF,0
18.213,5631,46.9,46.9,34.26,-0.29,0.971,1.194,24.10,1.198,OFF,3,OFF,3,26.60,26.60,286.16,31.68,6.546,86.1,37.3,13.40,4.50,3.18,19.4,72.5,14.0,14.0,32.767,0,0,ON,OFF,OFF,OFF,OFF,0.013,45.53,41,50,217.9,34.26,34.26,3,0.053,0.052,-0.27,19.651,81.4,79.0,20.004,71.0,72.8,7.492,21.824,7.34,1.86,8.31,0.93,ON,OFF,ON,OFF,OFF,ON,0.0,52.0,47.5,45.5,51.6,51.8,16.8,-40,0.184,0.363,15.2,11.1,-19.2,-3.6,0.4,0.5,38.3,5.05,3.321,22,1,1,0.000,ON,OFF,OFF,OFF,OFF,OFF,OFF,OFF,OFF,OFF,OFF,OFF,OFF,OFF,OFF,OFF,OFF,OFF,OFF,OFF,OFF,0
18.253,5610,47.8,47.8,33.01,-0.28,0.970,1.179,24.71,1.165,OFF,3,OFF,3,26.70,26.70,286.64,31.80,6.534,86.1,37.3,13.40,4.50,3.19,19.4,72.4,14.0,14.0,32.767,0,0,ON,OFF,OFF,OFF,OFF,0.011,45.53,41,50,217.9,33.01,33.01,3,0.053,0.052,-0.27,19.242,81.3,78.9,19.367,70.9,72.8,8.578,21.954,-3.50,-11.33,16.66,1.61,ON,OFF,ON,OFF,OFF,ON,0.0,52.8,47.4,46.9,52.5,52.4,16.8,-33,0.296,0.275,15.7,10.9,-18.6,-3.5,0.6,-0.5,38.3,5.05,3.325,22,1,1,0.000,ON,OFF,OFF,OFF,OFF,OFF,OFF,OFF,OFF,OFF,OFF,OFF,OFF,OFF,OFF,OFF,OFF,OFF,OFF,OFF,OFF,0
18.293,5638,48.7,48.7,31.88,-0.26,0.969,1.123,24.95,1.119,OFF,3,OFF,3,26.81,26.81,287.11,31.92,6.523,86.1,37.3,13.39,4.50,3.19,19.4,72.4,14.0,14.0,32.767,0,0,ON,OFF,OFF,OFF,OFF,0.009,45.53,41,50,217.9,31.88,31.88,3,0.053,0.052,-0.27,18.318,81.3,78.9,17.747,70.9,72.7,8.927,22.021,-15.17,-30.76,13.49,0.62,ON,OFF,ON,OFF,OFF,ON,0.0,53.2,46.1,48.6,52.7,53.1,16.7,-26,0.404,0.294,16.0,2.1,-18.1,-3.6,-2.5,0.8,38.3,5.05,3.329,22,1,1,0.000,ON,OFF,OFF,OFF,OFF,OFF,OFF,OFF,OFF,OFF,OFF,OFF,OFF,OFF,OFF,OFF,OFF,OFF,OFF,OFF,OFF,0
18.333,5733,49.1,49.1,31.30,-0.25,0.968,1.098,24.97,1.082,OFF,3,OFF,3,26.91,26.91,287.59,32.05,6.511,86.1,37.3,13.39,4.50,3.20,19.4,72.4,14.0,14.0,32.767,0,0,ON,OFF,OFF,OFF,OFF,0.007,45.53,41,50,217.9,31.30,31.30,3,0.053,0.052,-0.28,18.126,81.3,78.9,17.721,70.9,72.7,8.986,21.703,-9.35,-20.03,6.72,-3.75,ON,OFF,ON,OFF,OFF,ON,0.0,53.6,46.3,48.1,53.4,53.3,16.7,-18,0.381,0.359,15.8,-6.0,-17.6,-3.7,-2.5,2.8,38.3,5.05,3.334,22,0,1,0.000,ON,OFF,OFF,OFF,OFF,OFF,OFF,OFF,OFF,OFF,OFF,OFF,OFF,OFF,OFF,OFF,OFF,OFF,OFF,OFF,OFF,0
18.373,5881,49.5,49.5,31.36,-0.25,0.968,1.054,24.94,1.020,OFF,3,OFF,3,27.01,27.01,288.07,32.17,6.500,86.0,37.3,13.39,4.50,3.21,19.4,72.4,14.0,14.0,32.767,0,0,ON,OFF,OFF,OFF,OFF,0.005,45.53,42,50,217.9,31.36,31.36,3,0.053,0.052,-0.28,17.800,81.3,78.9,18.433,70.9,72.8,8.749,20.859,-8.01,-23.53,-0.37,-10.27,ON,OFF,ON,OFF,OFF,ON,0.0,54.3,47.4,46.7,54.3,53.5,16.7,-11,0.297,0.452,15.5,-6.9,-16.9,-3.7,1.3,4.5,38.3,5.05,3.338,22,0,1,0.000,ON,OFF,OFF,OFF,OFF,OFF,OFF,OFF,OFF,OFF,OFF,OFF,OFF,OFF,OFF,OFF,OFF,OFF,OFF,OFF,OFF,0
18.413,6007,49.9,49.9,31.91,-0.25,0.968,0.982,24.69,0.963,OFF,3,OFF,3,27.11,27.11,288.54,32.30,6.488,86.0,37.3,13.39,4.50,3.21,19.3,72.4,14.0,14.0,32.767,0,0,ON,OFF,OFF,OFF,OFF,0.003,45.53,42,50,217.9,31.91,31.91,3,0.053,0.052,-0.28,17.313,81.3,78.9,19.160,70.9,72.7,8.453,20.465,-9.86,-180.69,-4.53,-9.20,ON,OFF,ON,OFF,OFF,ON,0.0,55.6,49.1,46.8,55.5,54.6,16.6,-4,0.237,0.579,15.4,-2.2,-15.9,-3.6,0.7,4.8,38.3,5.05,3.342,22,0,1,0.000,OFF,OFF,OFF,OFF,OFF,OFF,OFF,OFF,OFF,OFF,OFF,OFF,OFF,OFF,OFF,OFF,OFF,OFF,OFF,OFF,OFF,0
18.453,6006,50.3,50.3,32.21,-0.26,0.968,0.938,24.11,0.936,OFF,3,OFF,3,27.22,27.22,289.02,32.42,6.477,86.0,37.3,13.38,4.50,3.22,19.3,72.4,14.0,14.0,32.767,0,0,ON,OFF,OFF,OFF,OFF,0.003,45.53,42,50,217.9,32.21,32.21,3,0.053,0.052,-0.28,17.250,81.3,78.9,18.311,70.9,72.7,8.536,20.695,-4.58,-421.35,-0.97,-0.51,ON,OFF,ON,OFF,OFF,ON,0.0,56.8,48.8,47.3,56.7,55.8,16.6,4,0.241,0.659,15.4,3.4,-14.8,-3.6,0.0,4.9,38.3,5.05,3.347,22,0,1,0.000,OFF,OFF,OFF,OFF,OFF,OFF,OFF,OFF,OFF,OFF,OFF,OFF,OFF,OFF,OFF,OFF,OFF,OFF,OFF,OFF,OFF,0
18.493,6020,50.6,50.6,32.23,-0.26,0.968,0.925,23.75,0.927,OFF,3,OFF,3,27.32,27.32,289.50,32.55,6.465,86.0,37.3,13.38,4.50,3.23,19.3,72.3,14.0,14.0,32.767,0,0,ON,OFF,OFF,OFF,OFF,0.002,45.53,42,50,217.9,32.23,32.23,3,0.053,0.052,-0.28,16.328,81.2,78.9,18.252,70.9,72.7,8.663,21.174,-11.43,-204.46,0.96,6.76,ON,OFF,ON,OFF,OFF,ON,0.0,57.2,47.7,48.5,57.0,56.5,16.5,11,0.303,0.636,15.5,3.5,-13.6,-3.6,2.4,5.3,38.3,5.05,3.351,22,0,1,0.000,OFF,OFF,OFF,OFF,OFF,OFF,OFF,OFF,OFF,OFF,OFF,OFF,OFF,OFF,OFF,OFF,OFF,OFF,OFF,OFF,OFF,0
18.533,6099,51.0,51.0,32.35,-0.26,0.968,0.928,23.54,0.931,OFF,3,OFF,3,27.42,27.42,289.97,32.67,6.454,86.0,37.3,13.38,4.50,3.23,19.3,72.3,14.0,14.0,32.767,0,0,ON,OFF,OFF,OFF,OFF,0.002,45.53,42,49,217.9,32.35,32.35,3,0.053,0.051,-0.29,15.314,81.2,78.8,18.180,70.8,72.7,8.651,21.424,-19.21,-85.44,-0.28,6.89,ON,OFF,ON,OFF,OFF,ON,0.0,57.9,47.9,49.7,57.9,56.6,16.5,18,0.364,0.630,15.6,-0.5,-12.2,-3.5,2.8,5.8,38.3,5.05,3.355,22,0,1,0.000,OFF,OFF,OFF,OFF,OFF,OFF,OFF,OFF,OFF,OFF,OFF,OFF,OFF,OFF,OFF,OFF,OFF,OFF,OFF,OFF,OFF,0
18.573,6253,51.0,51.0,32.84,-0.26,0.968,0.940,23.53,0.940,OFF,3,OFF,3,27.52,27.52,290.45,32.80,6.442,86.0,37.3,13.38,4.50,3.24,19.3,72.3,14.0,14.0,32.767,0,0,ON,OFF,OFF,OFF,OFF,0.001,45.53,42,49,217.9,32.84,32.84,3,0.053,0.051,-0.29,15.526,81.2,78.8,18.781,70.8,72.6,8.257,21.342,-6.69,-26.42,-4.40,3.44,ON,OFF,ON,OFF,OFF,ON,0.0,59.1,49.4,48.9,59.1,58.0,16.5,26,0.300,0.718,15.6,-2.0,-11.0,-3.4,2.8,5.2,38.3,5.05,3.360,22,0,1,0.000,OFF,OFF,OFF,OFF,OFF,OFF,OFF,OFF,OFF,OFF,OFF,OFF,OFF,OFF,OFF,OFF,OFF,OFF,OFF,OFF,OFF,0
18.613,6457,50.9,50.9,33.82,-0.27,0.968,0.948,23.48,0.949,OFF,3,OFF,3,27.62,27.62,290.93,32.92,6.430,86.0,37.3,13.37,4.50,3.24,19.3,72.3,14.0,14.0,32.767,0,0,ON,OFF,OFF,OFF,OFF,0.001,45.53,43,49,217.9,33.82,33.82,3,0.053,0.051,-0.29,15.864,81.2,78.8,19.046,70.8,72.7,7.424,21.050,-0.29,-6.46,-9.11,1.29,ON,OFF,ON,OFF,OFF,ON,0.0,59.9,51.5,49.1,59.8,58.7,16.4,33,0.202,0.794,15.6,3.0,-9.7,-3.3,2.0,3.0,38.3,5.05,3.364,22,0,1,0.000,OFF,OFF,OFF,OFF,OFF,OFF,OFF,OFF,OFF,OFF,OFF,OFF,OFF,OFF,OFF,OFF,OFF,OFF,OFF,OFF,OFF,0
18.653,6492,50.5,50.5,34.54,-0.28,0.969,0.953,23.38,0.956,OFF,3,OFF,3,27.73,27.73,291.40,33.04,6.419,86.0,37.3,13.37,4.50,3.25,19.3,72.3,14.0,14.0,32.767,0,0,ON,OFF,OFF,OFF,OFF,0.001,45.53,43,49,217.9,34.54,34.54,3,0.053,0.051,-0.29,15.981,81.2,78.8,18.966,70.8,72.6,7.431,21.514,1.52,-2.36,-4.36,5.77,ON,OFF,ON,OFF,OFF,ON,0.0,59.9,51.0,50.5,59.8,59.3,16.4,40,0.230,0.755,15.8,9.0,-8.1,-3.2,3.1,-0.3,38.3,5.05,3.368,22,0,1,0.000,OFF,OFF,OFF,OFF,OFF,OFF,OFF,OFF,OFF,OFF,OFF,OFF,OFF,OFF,OFF,OFF,OFF,OFF,OFF,OFF,OFF,0
18.693,6348,48.9,48.9,34.73,-0.28,0.969,0.974,23.69,0.976,OFF,3,OFF,3,27.83,27.83,291.88,33.17,6.407,86.0,37.3,13.37,4.50,3.25,19.3,72.3,14.0,14.0,32.767,0,0,ON,OFF,OFF,OFF,OFF,0.001,45.53,43,49,217.9,34.73,34.73,3,0.053,0.051,-0.30,15.655,81.2,78.8,19.016,70.8,72.6,7.823,22.122,-2.77,-0.34,3.08,10.49,ON,OFF,ON,OFF,OFF,ON,0.0,60.3,49.8,52.9,59.8,60.1,16.4,48,0.374,0.738,16.2,8.7,-6.7,-3.1,3.0,-3.0,38.3,5.05,3.373,22,0,1,0.000,OFF,OFF,OFF,OFF,OFF,OFF,OFF,OFF,OFF,OFF,OFF,OFF,OFF,OFF,OFF,OFF,OFF,OFF,OFF,OFF,OFF,0
18.733,6357,46.2,46.2,35.58,-0.29,0.969,0.988,24.01,0.984,OFF,3,OFF,3,27.93,27.93,292.36,33.29,6.396,86.0,37.3,13.37,4.50,3.25,19.3,72.2,14.0,14.0,32.767,0,0,ON,OFF,OFF,OFF,OFF,0.001,45.53,43,49,217.9,35.58,35.58,3,0.053,0.051,-0.30,15.245,81.2,78.8,19.063,70.8,72.6,7.997,22.324,-4.67,0.48,2.89,6.98,ON,OFF,ON,OFF,OFF,ON,0.0,59.6,50.3,53.8,58.9,59.1,16.3,55,0.439,0.701,16.4,3.6,-5.5,-2.9,2.9,-4.8,38.3,5.05,3.377,22,0,1,0.000,OFF,OFF,OFF,OFF,OFF,OFF,OFF,OFF,OFF,OFF,OFF,OFF,OFF,OFF,OFF,OFF,OFF,OFF,OFF,OFF,OFF,0
18.773,6475,44.8,44.8,37.28,-0.31,0.970,0.984,24.00,0.989,OFF,3,OFF,3,28.03,28.03,292.83,33.42,6.384,86.0,37.3,13.36,4.50,3.25,19.3,72.2,14.0,14.0,32.767,0,0,ON,OFF,OFF,OFF,OFF,0.001,45.53,43,49,217.9,37.28,37.28,3,0.053,0.051,-0.30,15.371,81.2,78.8,19.243,70.8,72.6,7.805,22.411,-0.46,2.69,-1.35,4.07,ON,OFF,ON,OFF,OFF,ON,0.0,60.4,50.9,54.3,60.3,59.2,16.3,63,0.432,0.672,16.5,-1.0,-4.4,-2.9,0.1,-5.0,38.3,5.05,3.381,22,0,1,0.000,OFF,OFF,OFF,OFF,OFF,OFF,OFF,OFF,OFF,OFF,OFF,OFF,OFF,OFF,OFF,OFF,OFF,OFF,OFF,OFF,OFF,0
18.813,6546,44.1,44.1,38.85,-0.33,0.972,0.988,24.17,1.003,OFF,3,OFF,3,28.13,28.13,293.31,33.54,6.373,86.0,37.3,13.36,4.50,3.26,19.3,72.3,14.0,14.0,32.767,0,0,ON,OFF,OFF,OFF,OFF,0.001,45.53,43,49,217.9,38.85,38.85,3,0.053,0.051,-0.30,15.851,81.2,78.8,19.527,70.8,72.6,7.637,22.352,6.93,3.83,-2.67,1.06,ON,OFF,ON,OFF,OFF,ON,0.0,61.1,51.6,53.9,61.1,60.3,16.2,70,0.329,0.665,16.5,1.6,-3.5,-2.9,-2.1,-4.2,38.3,5.05,3.386,22,0,1,0.000,OFF,OFF,OFF,OFF,OFF,OFF,OFF,OFF,OFF,OFF,OFF,OFF,OFF,OFF,OFF,OFF,OFF,OFF,OFF,OFF,OFF,0
18.853,6550,43.5,43.5,39.98,-0.34,0.974,1.006,24.61,1.014,OFF,3,OFF,3,28.24,28.24,293.79,33.67,6.361,86.0,37.3,13.36,4.50,3.27,19.3,72.3,14.0,14.0,32.767,0,0,ON,OFF,OFF,OFF,OFF,0.001,45.53,43,49,217.9,39.98,39.98,3,0.053,0.051,-0.31,15.889,81.2,78.9,18.875,70.8,72.7,7.752,22.283,3.36,-7.92,0.64,-0.65,ON,OFF,ON,OFF,OFF,ON,0.0,61.5,52.3,52.5,61.5,61.2,16.2,77,0.288,0.606,16.6,5.6,-2.6,-2.9,-1.3,-2.9,38.3,5.05,3.390,22,0,1,0.000,OFF,OFF,OFF,OFF,OFF,OFF,OFF,OFF,OFF,OFF,OFF,OFF,OFF,OFF,OFF,OFF,OFF,OFF,OFF,OFF,OFF,0
18.893,6534,43.4,43.4,40.91,-0.35,0.975,1.000,24.62,0.991,OFF,3,OFF,3,28.34,28.34,294.26,33.79,6.349,86.0,37.3,13.36,4.50,3.28,19.3,72.3,14.0,14.0,32.767,0,0,ON,OFF,OFF,OFF,OFF,0.001,45.53,44,48,217.9,40.91,40.91,3,0.053,0.050,-0.31,15.633,81.2,78.9,17.681,70.8,72.7,8.067,22.319,-0.88,-20.88,5.39,0.10,ON,OFF,ON,OFF,OFF,ON,0.0,61.3,52.9,52.8,61.3,61.0,16.2,85,0.357,0.507,16.8,3.4,-2.0,-3.0,-1.2,-3.4,38.3,5.05,3.394,22,0,1,0.000,OFF,OFF,OFF,OFF,OFF,OFF,OFF,OFF,OFF,OFF,OFF,OFF,OFF,OFF,OFF,OFF,OFF,OFF,OFF,OFF,OFF,0
18.933,6587,43.2,43.2,41.60,-0.36,0.975,0.973,24.23,0.964,OFF,3,OFF,3,28.44,28.44,294.74,33.92,6.338,86.0,37.3,13.35,4.50,3.29,19.3,72.3,14.0,14.0,32.767,0,0,ON,OFF,OFF,OFF,OFF,0.002,45.53,44,48,217.9,41.60,41.60,3,0.053,0.050,-0.31,15.931,81.2,78.9,17.728,70.8,72.6,7.989,21.980,2.76,-8.88,1.57,-3.72,ON,OFF,ON,OFF,OFF,ON,0.0,62.1,54.5,53.4,62.0,62.0,16.1,92,0.374,0.381,16.8,-2.0,-1.4,-3.0,0.4,-4.4,38.3,5.05,3.399,22,0,1,0.000,OFF,OFF,OFF,OFF,OFF,OFF,OFF,OFF,OFF,OFF,OFF,OFF,OFF,OFF,OFF,OFF,OFF,OFF,OFF,OFF,OFF,0
18.973,6686,42.9,42.9,42.46,-0.36,0.976,0.962,24.03,0.961,OFF,3,OFF,3,28.54,28.54,295.22,34.04,6.326,86.0,37.3,13.35,4.50,3.30,19.3,72.2,14.0,14.0,32.767,0,0,ON,OFF,OFF,OFF,OFF,0.002,45.53,44,48,217.9,42.46,42.46,3,0.053,0.050,-0.31,16.496,81.2,78.9,17.892,70.8,72.7,7.659,21.184,7.00,-2.14,-2.16,-9.86,ON,OFF,ON,OFF,OFF,ON,0.0,62.9,56.2,54.2,62.6,62.9,16.1,99,0.315,0.369,16.7,-0.3,-0.9,-3.0,-1.0,-4.2,38.3,5.05,3.403,22,0,1,0.000,OFF,OFF,OFF,OFF,OFF,OFF,OFF,OFF,OFF,OFF,OFF,OFF,OFF,OFF,OFF,OFF,OFF,OFF,OFF,OFF,OFF,0
19.013,6711,42.8,42.8,43.20,-0.37,0.976,0.957,23.84,0.952,OFF,3,OFF,3,28.65,28.65,295.69,34.16,6.315,86.0,37.3,13.35,4.50,3.30,19.3,72.2,14.0,14.0,32.767,0,0,ON,OFF,OFF,OFF,OFF,0.002,45.53,44,48,217.9,43.20,43.20,3,0.053,0.050,-0.31,16.801,81.2,78.9,17.786,70.8,72.6,7.941,21.201,7.40,-2.55,2.62,-6.45,ON,OFF,ON,OFF,OFF,ON,0.0,63.4,56.2,55.8,62.9,63.4,16.0,107,0.283,0.323,16.8,4.4,-0.5,-3.1,-0.9,-2.8,38.3,5.05,3.407,22,0,1,0.000,OFF,OFF,OFF,OFF,OFF,OFF,OFF,OFF,OFF,OFF,OFF,OFF,OFF,OFF,OFF,OFF,OFF,OFF,OFF,OFF,OFF,0
19.053,6691,42.8,42.8,43.65,-0.38,0.977,0.935,23.28,0.927,OFF,3,OFF,3,28.75,28.75,296.17,34.29,6.303,85.9,37.3,13.34,4.50,3.30,19.2,72.2,14.0,14.0,32.767,0,0,ON,OFF,OFF,OFF,OFF,0.004,45.53,44,48,217.9,43.65,43.65,3,0.053,0.050,-0.32,16.701,81.2,78.9,17.593,70.8,72.6,8.321,21.283,1.92,-3.37,5.82,-2.01,ON,OFF,ON,OFF,OFF,ON,0.0,63.9,58.2,57.2,63.0,63.9,16.0,114,0.317,0.246,17.0,2.6,-0.2,-3.1,-0.7,-2.6,38.3,5.05,3.412,22,0,1,0.000,OFF,OFF,OFF,OFF,OFF,OFF,OFF,OFF,OFF,OFF,OFF,OFF,OFF,OFF,OFF,OFF,OFF,OFF,OFF,OFF,OFF,0
19.093,6764,42.6,42.6,44.08,-0.38,0.977,0.919,22.76,0.918,OFF,3,OFF,3,28.85,28.85,296.65,34.41,6.292,85.9,37.3,13.34,4.50,3.30,19.2,72.2,14.0,14.0,32.767,0,0,ON,OFF,OFF,OFF,OFF,0.005,45.53,44,48,217.9,44.08,44.08,3,0.053,0.050,-0.32,16.792,81.2,78.8,17.418,70.8,72.6,8.417,21.297,1.62,-2.99,3.44,-0.73,ON,OFF,ON,OFF,OFF,ON,0.0,63.9,58.7,57.0,63.3,63.9,16.0,121,0.326,0.181,17.0,-0.6,0.1,-3.1,0.8,-2.5,38.3,5.05,3.416,22,0,1,0.000,OFF,OFF,OFF,OFF,OFF,OFF,OFF,OFF,OFF,OFF,OFF,OFF,OFF,OFF,OFF,OFF,OFF,OFF,OFF,OFF,OFF,0
19.133,6846,42.1,42.1,44.79,-0.39,0.977,0.917,22.42,0.916,OFF,3,OFF,3,28.95,28.95,297.12,34.54,6.280,85.9,37.3,13.34,4.50,3.29,19.2,72.2,14.0,14.0,32.767,0,0,ON,OFF,OFF,OFF,OFF,0.006,45.53,45,48,217.9,44.79,44.79,3,0.053,0.050,-0.32,16.909,81.2,78.8,17.525,70.8,72.6,8.190,21.239,2.43,-0.22,-1.15,-1.23,ON,OFF,ON,OFF,OFF,ON,0.0,64.7,59.3,58.3,64.1,64.7,15.9,129,0.270,0.190,17.0,0.0,0.5,-3.1,-0.4,-2.5,38.3,5.05,3.420,22,0,1,0.000,OFF,OFF,OFF,OFF,OFF,OFF,OFF,OFF,OFF,OFF,OFF,OFF,OFF,OFF,OFF,OFF,OFF,OFF,OFF,OFF,OFF,0
19.173,6857,41.8,41.8,45.51,-0.39,0.977,0.903,21.79,0.901,OFF,3,OFF,3,29.05,29.05,297.60,34.66,6.268,85.9,37.3,13.34,4.50,3.29,19.2,72.2,14.0,14.0,32.767,0,0,ON,OFF,OFF,OFF,OFF,0.007,45.53,45,48,217.9,45.51,45.51,3,0.053,0.050,-0.32,17.022,81.1,78.8,17.574,70.8,72.6,8.296,21.201,2.34,0.00,0.52,-1.16,ON,OFF,ON,OFF,OFF,ON,0.0,64.9,58.5,57.9,64.0,64.9,15.9,136,0.226,0.170,17.1,3.7,0.7,-3.1,-0.8,-2.5,38.3,5.05,3.425,22,0,1,0.000,OFF,OFF,OFF,OFF,OFF,OFF,OFF,OFF,OFF,OFF,OFF,OFF,OFF,OFF,OFF,OFF,OFF,OFF,OFF,OFF,OFF,0
19.213,6859,41.0,41.0,46.08,-0.40,0.978,0.885,20.95,0.881,OFF,3,OFF,3,29.08,29.08,297.94,34.70,6.257,85.9,37.3,13.34,4.50,3.28,19.2,72.2,14.0,14.0,32.767,0,0,ON,OFF,OFF,OFF,OFF,0.010,45.53,45,48,217.9,46.08,46.08,3,0.053,0.049,-0.33,16.934,81.1,78.8,17.429,70.8,72.6,8.599,21.279,0.07,-2.89,3.25,0.07,ON,OFF,ON,OFF,OFF,ON,0.0,65.2,57.7,59.1,64.3,65.2,15.8,139,0.286,0.165,17.2,3.8,1.0,-3.1,-0.4,-2.6,38.3,5.05,3.436,22,0,1,0.000,OFF,OFF,OFF,OFF,OFF,OFF,OFF,OFF,OFF,OFF,OFF,OFF,OFF,OFF,OFF,OFF,OFF,OFF,OFF,OFF,OFF,0
19.253,6908,35.7,35.7,47.09,-0.41,0.978,0.881,20.47,0.883,OFF,3,OFF,3,28.96,28.96,297.96,34.55,6.246,85.9,37.3,13.34,4.50,3.28,19.2,72.2,14.0,14.0,32.767,0,0,ON,OFF,OFF,OFF,OFF,0.015,45.53,45,47,217.9,47.09,47.09,3,0.053,0.049,-0.33,16.917,81.1,78.8,17.090,70.8,72.6,8.687,21.284,-0.27,-6.48,2.78,0.12,ON,OFF,ON,OFF,OFF,ON,0.0,65.6,58.7,58.8,64.7,65.6,15.8,134,0.333,0.144,17.3,-0.7,1.4,-3.1,-0.2,-2.6,38.3,5.05,3.465,22,0,1,0.000,OFF,OFF,OFF,OFF,OFF,OFF,OFF,OFF,OFF,OFF,OFF,OFF,OFF,OFF,OFF,OFF,OFF,OFF,OFF,OFF,OFF,0
19.293,6958,20.5,20.5,50.25,-0.46,0.979,0.882,20.08,0.891,OFF,3,OFF,3,28.83,28.83,297.99,34.39,6.236,85.9,37.3,13.34,4.50,3.28,19.2,72.2,14.0,14.0,32.767,0,0,ON,OFF,OFF,OFF,OFF,0.020,45.53,44,47,217.9,50.25,50.25,3,0.053,0.049,-0.33,17.016,81.1,78.8,17.011,70.8,72.6,8.788,21.197,1.28,-3.67,-1.18,-1.09,ON,OFF,ON,OFF,OFF,ON,0.0,66.0,57.2,60.7,65.1,65.9,15.7,128,0.278,0.140,17.2,-3.6,1.7,-3.1,0.3,-2.6,38.3,5.05,3.493,22,0,1,0.000,OFF,OFF,OFF,OFF,OFF,OFF,OFF,OFF,OFF,OFF,OFF,OFF,OFF,OFF,OFF,OFF,OFF,OFF,OFF,OFF,OFF,0
19.333,6939,5.3,5.3,56.33,-0.55,0.980,0.885,19.78,0.875,OFF,3,OFF,3,28.71,28.71,298.01,34.24,6.225,85.9,37.3,13.34,4.50,3.28,19.2,72.2,14.0,14.0,32.767,0,0,ON,OFF,OFF,OFF,OFF,0.025,45.53,44,47,217.9,56.33,56.33,3,0.053,0.049,-0.33,17.241,81.1,78.8,17.083,70.8,72.6,9.013,21.096,2.84,-1.03,-2.32,-1.16,ON,OFF,ON,OFF,OFF,ON,0.0,66.0,57.6,61.3,65.3,65.8,15.6,123,0.162,0.128,17.1,-1.3,2.0,-3.1,0.4,-2.6,38.3,5.05,3.522,22,0,1,0.000,OFF,OFF,OFF,OFF,OFF,OFF,OFF,OFF,OFF,OFF,OFF,OFF,OFF,OFF,OFF,OFF,OFF,OFF,OFF,OFF,OFF,0
19.373,6851,1.9,1.9,60.94,-0.64,0.982,0.856,19.04,0.829,OFF,3,OFF,3,28.58,28.58,298.04,34.09,6.215,85.9,37.2,13.34,4.50,3.28,19.2,72.2,14.0,14.0,32.767,0,0,ON,OFF,OFF,OFF,OFF,0.030,45.53,44,47,217.9,60.94,60.94,3,0.053,0.049,-0.33,17.292,81.1,78.8,17.087,70.8,72.6,8.438,21.139,2.87,-0.10,-2.90,-0.19,ON,OFF,ON,OFF,OFF,ON,0.0,66.6,58.9,61.7,65.1,66.6,15.5,117,0.127,0.129,17.1,1.8,2.3,-3.1,0.3,-2.6,38.3,5.05,3.550,22,0,1,0.000,OFF,OFF,OFF,OFF,OFF,OFF,OFF,OFF,OFF,OFF,OFF,OFF,OFF,OFF,OFF,OFF,OFF,OFF,OFF,OFF,OFF,0
19.413,6746,1.5,1.5,62.49,-0.70,0.984,0.809,17.99,0.807,OFF,3,OFF,3,28.45,28.45,298.06,33.94,6.204,85.9,37.2,13.34,4.50,3.28,19.2,72.2,14.0,14.0,32.767,0,0,ON,OFF,OFF,OFF,OFF,0.048,45.53,44,47,217.9,62.49,62.49,3,0.053,0.049,-0.33,17.613,81.1,78.8,17.133,70.8,72.6,8.576,21.163,5.85,0.46,-0.10,-0.18,ON,OFF,ON,OFF,OFF,ON,0.0,66.0,60.2,61.7,64.6,66.0,15.4,112,0.094,0.092,17.2,0.6,2.6,-3.1,0.9,-2.6,38.3,5.05,3.579,22,0,1,0.000,OFF,OFF,OFF,OFF,OFF,OFF,OFF,OFF,OFF,OFF,OFF,OFF,OFF,OFF,OFF,OFF,OFF,OFF,OFF,OFF,OFF,0
19.453,6594,2.1,2.1,62.69,-0.73,0.984,0.816,17.51,0.825,OFF,3,OFF,4,28.33,28.33,298.09,33.78,6.193,85.9,37.2,13.34,4.50,3.26,19.2,72.2,14.0,14.0,32.767,0,0,ON,OFF,OFF,OFF,OFF,0.095,45.53,44,47,217.9,62.69,62.69,3,0.053,0.049,-0.33,18.308,81.1,78.9,17.294,70.8,72.6,8.422,21.117,11.36,1.85,-2.22,-0.96,ON,OFF,ON,OFF,OFF,ON,0.0,65.9,59.3,60.8,64.4,65.9,15.3,106,0.037,0.091,17.2,-1.5,2.9,-3.0,1.4,-2.6,38.3,5.05,3.607,22,0,1,0.000,OFF,OFF,OFF,OFF,OFF,OFF,OFF,OFF,OFF,OFF,OFF,OFF,OFF,OFF,OFF,OFF,OFF,OFF,OFF,OFF,OFF,0
19.493,6354,6.1,6.1,62.16,-0.76,0.985,0.837,17.15,0.842,OFF,3,OFF,5,28.20,28.20,298.11,33.63,6.183,85.9,37.2,13.34,4.50,3.24,19.2,72.2,14.0,14.0,32.767,0,0,ON,OFF,OFF,OFF,OFF,0.143,45.53,43,47,217.9,62.16,62.16,3,0.053,0.049,-0.33,19.094,81.2,78.9,17.418,70.8,72.6,8.275,20.994,16.85,3.09,-2.16,-1.98,ON,OFF,ON,OFF,OFF,ON,0.0,66.2,60.1,60.1,64.4,66.2,15.3,100,-0.045,0.090,17.2,1.3,3.1,-3.0,0.9,-2.6,38.3,5.05,3.636,22,0,1,0.000,ON,OFF,OFF,OFF,OFF,OFF,OFF,OFF,OFF,OFF,OFF,OFF,OFF,OFF,OFF,OFF,OFF,OFF,OFF,OFF,OFF,0
19.533,5964,13.1,13.1,60.77,-0.77,0.985,0.851,16.93,0.867,OFF,4,OFF,5,28.08,28.08,298.13,33.48,6.172,85.9,37.2,13.34,4.50,3.23,19.2,72.2,14.0,14.0,32.767,0,0,ON,OFF,OFF,OFF,OFF,0.190,45.53,43,47,217.9,60.77,60.77,3,0.053,0.049,-0.33,19.184,81.2,78.9,17.424,70.8,72.7,8.452,21.002,8.22,1.40,0.88,-0.90,ON,OFF,ON,OFF,OFF,ON,0.0,66.6,58.2,61.7,65.1,66.5,15.2,95,-0.034,0.103,17.3,4.9,3.3,-2.9,0.2,-2.6,38.3,5.05,3.664,22,1,1,0.000,ON,OFF,OFF,OFF,OFF,OFF,OFF,OFF,OFF,OFF,OFF,OFF,OFF,OFF,OFF,OFF,OFF,OFF,OFF,OFF,OFF,0
19.573,5549,18.7,18.7,59.11,-0.76,0.985,0.878,16.96,0.898,OFF,4,OFF,4,27.95,27.95,298.16,33.33,6.161,85.9,37.2,13.34,4.50,3.21,19.2,72.3,14.0,14.0,32.767,0,0,ON,OFF,OFF,OFF,OFF,0.237,45.53,43,47,217.9,59.11,59.11,3,0.053,0.049,-0.33,19.123,81.3,79.0,17.309,70.8,72.7,8.720,21.044,2.76,-0.60,2.32,-0.81,ON,OFF,ON,OFF,OFF,ON,0.0,66.2,58.2,61.8,65.2,65.9,15.1,89,0.039,0.103,17.5,3.8,3.5,-2.9,0.0,-2.6,38.3,5.05,3.693,22,1,1,0.000,ON,OFF,OFF,OFF,OFF,OFF,OFF,OFF,OFF,OFF,OFF,OFF,OFF,OFF,OFF,OFF,OFF,OFF,OFF,OFF,OFF,0
19.613,5495,25.5,25.5,58.53,-0.73,0.985,0.913,17.18,0.916,OFF,4,OFF,4,27.82,27.82,298.18,33.17,6.151,85.9,37.2,13.34,4.50,3.20,19.2,72.3,14.0,14.0,32.767,0,0,ON,OFF,OFF,OFF,OFF,0.257,45.53,43,47,217.9,58.53,58.53,3,0.053,0.049,-0.33,19.101,81.3,79.0,17.368,70.9,72.7,8.582,20.914,1.66,1.05,-1.25,-3.01,ON,OFF,ON,OFF,OFF,ON,0.0,65.7,59.1,62.0,64.0,65.7,15.0,84,0.018,0.116,17.5,-1.8,3.7,-2.9,0.6,-2.6,38.3,5.05,3.721,22,1,1,0.000,ON,OFF,OFF,OFF,OFF,OFF,OFF,OFF,OFF,OFF,OFF,OFF,OFF,OFF,OFF,OFF,OFF,OFF,OFF,OFF,OFF,0
19.653,5705,30.7,30.7,58.54,-0.69,0.984,0.924,17.17,0.925,OFF,4,OFF,4,27.70,27.70,298.21,33.02,6.140,85.9,37.2,13.34,4.50,3.20,19.2,72.4,14.0,14.0,32.767,0,0,ON,OFF,OFF,OFF,OFF,0.216,45.53,43,47,217.9,58.54,58.54,3,0.053,0.049,-0.33,19.339,81.4,79.0,17.691,70.9,72.8,8.158,20.507,4.07,4.56,-6.27,-6.10,ON,OFF,ON,OFF,OFF,ON,0.0,64.6,60.1,61.6,62.2,64.6,14.9,78,-0.093,0.115,17.4,-3.3,4.1,-2.9,1.4,-2.5,38.3,5.05,3.750,22,1,1,0.000,ON,OFF,OFF,OFF,OFF,OFF,OFF,OFF,OFF,OFF,OFF,OFF,OFF,OFF,OFF,OFF,OFF,OFF,OFF,OFF,OFF,0
19.693,5953,34.1,34.1,58.34,-0.64,0.983,0.921,16.91,0.911,OFF,4,OFF,4,27.57,27.57,298.23,32.87,6.129,85.9,37.2,13.35,4.50,3.21,19.2,72.4,14.0,14.0,32.767,0,0,ON,OFF,OFF,OFF,OFF,0.175,45.53,42,47,217.9,58.34,58.34,3,0.053,0.049,-0.33,19.576,81.4,79.1,18.214,70.9,72.8,8.243,20.201,4.49,7.49,0.34,-4.91,ON,OFF,ON,OFF,OFF,ON,0.0,65.3,58.9,60.6,61.8,65.3,14.8,72,-0.189,0.138,17.3,0.3,4.4,-2.8,0.6,-2.6,38.3,5.05,3.778,22,1,1,0.000,ON,OFF,OFF,OFF,OFF,OFF,OFF,OFF,OFF,OFF,OFF,OFF,OFF,OFF,OFF,OFF,OFF,OFF,OFF,OFF,OFF,0
19.733,6106,35.9,35.9,57.15,-0.60,0.983,0.899,16.22,0.873,OFF,4,OFF,4,27.45,27.45,298.26,32.71,6.119,85.9,37.2,13.35,4.50,3.21,19.2,72.4,14.0,14.0,32.767,0,0,ON,OFF,OFF,OFF,OFF,0.134,45.54,42,47,217.9,57.15,57.15,3,0.053,0.049,-0.33,19.807,81.4,79.1,18.128,70.9,72.8,8.814,20.292,5.26,2.38,11.02,-1.38,ON,OFF,ON,OFF,OFF,ON,0.0,65.6,59.6,59.6,63.8,65.5,14.8,67,-0.192,0.158,17.4,4.9,4.7,-2.9,0.2,-2.6,38.3,5.05,3.806,22,1,1,0.000,ON,OFF,OFF,OFF,OFF,OFF,OFF,OFF,OFF,OFF,OFF,OFF,OFF,OFF,OFF,OFF,OFF,OFF,OFF,OFF,OFF,0
19.773,6107,36.9,36.9,55.49,-0.56,0.982,0.873,15.32,0.877,OFF,4,OFF,4,27.32,27.32,298.28,32.56,6.108,85.9,37.2,13.35,4.50,3.21,19.2,72.3,14.0,14.0,32.767,0,0,ON,OFF,OFF,OFF,OFF,0.093,45.54,42,47,217.9,55.49,55.49,3,0.053,0.049,-0.33,19.784,81.3,79.0,17.851,70.9,72.7,8.385,20.327,1.60,-2.81,1.90,0.38,ON,OFF,ON,OFF,OFF,ON,0.0,65.9,57.7,61.0,64.8,65.7,14.7,61,-0.087,0.133,17.6,4.1,5.0,-2.8,1.2,-2.5,38.3,5.05,3.835,22,1,1,0.000,ON,OFF,OFF,OFF,OFF,OFF,OFF,OFF,OFF,OFF,OFF,OFF,OFF,OFF,OFF,OFF,OFF,OFF,OFF,OFF,OFF,0
19.813,5867,37.6,37.6,52.99,-0.53,0.981,0.912,15.68,0.930,OFF,4,OFF,4,27.19,27.19,298.31,32.41,6.097,85.9,37.2,13.35,4.50,3.22,19.2,72.3,14.0,14.0,32.767,0,0,ON,OFF,OFF,OFF,OFF,0.063,45.54,42,47,217.9,52.99,52.99,3,0.053,0.049,-0.33,19.700,81.3,79.0,17.571,70.8,72.7,8.431,20.347,-0.60,-4.13,-0.82,0.86,ON,OFF,ON,OFF,OFF,ON,0.0,66.5,57.9,61.3,65.7,66.0,14.6,56,0.088,0.109,17.8,1.5,5.3,-2.7,2.1,-2.6,38.3,5.05,3.863,22,1,1,0.000,ON,OFF,OFF,OFF,OFF,OFF,OFF,OFF,OFF,OFF,OFF,OFF,OFF,OFF,OFF,OFF,OFF,OFF,OFF,OFF,OFF,0
19.853,5868,38.1,38.1,50.90,-0.49,0.980,0.971,16.58,0.994,OFF,4,OFF,4,27.07,27.07,298.33,32.26,6.087,85.9,37.2,13.35,4.50,3.22,19.2,72.3,14.0,14.0,32.767,0,0,ON,OFF,OFF,OFF,OFF,0.057,45.54,42,47,217.9,50.90,50.90,3,0.053,0.049,-0.33,19.615,81.2,79.0,17.530,70.8,72.7,8.620,20.403,-1.54,-3.23,-1.40,1.36,ON,OFF,ON,OFF,OFF,ON,0.0,66.2,59.1,61.6,65.1,66.2,14.5,50,0.143,0.123,17.8,-0.4,5.6,-2.6,1.9,-2.5,38.3,5.05,3.892,22,1,1,0.000,ON,OFF,OFF,OFF,OFF,OFF,OFF,OFF,OFF,OFF,OFF,OFF,OFF,OFF,OFF,OFF,OFF,OFF,OFF,OFF,OFF,0
19.893,5984,38.6,38.6,49.23,-0.46,0.980,1.013,17.37,1.035,OFF,4,OFF,4,26.94,26.94,298.36,32.10,6.076,85.9,37.2,13.35,4.50,3.22,19.2,72.3,14.0,14.0,32.767,0,0,ON,OFF,OFF,OFF,OFF,0.051,45.54,41,46,217.9,49.23,49.23,3,0.053,0.049,-0.33,19.679,81.3,79.0,17.521,70.8,72.7,9.158,20.294,-0.03,-1.84,3.12,-0.29,ON,OFF,ON,OFF,OFF,ON,0.0,65.6,60.1,61.8,65.4,65.6,14.4,45,0.088,0.110,17.7,-0.8,5.8,-2.6,2.1,-2.5,38.3,5.05,3.920,22,1,1,0.000,OFF,OFF,OFF,OFF,OFF,OFF,OFF,OFF,OFF,OFF,OFF,OFF,OFF,OFF,OFF,OFF,OFF,OFF,OFF,OFF,OFF,0
19.933,5972,39.2,39.2,47.90,-0.44,0.979,1.053,18.35,1.073,OFF,4,OFF,4,26.82,26.82,298.38,31.95,6.065,85.9,37.2,13.35,4.50,3.22,19.2,72.3,14.0,14.0,32.767,0,0,ON,OFF,OFF,OFF,OFF,0.045,45.54,41,46,217.9,47.90,47.90,3,0.053,0.049,-0.33,19.759,81.3,79.0,17.500,70.9,72.7,9.971,20.305,1.12,-1.06,12.45,0.30,ON,OFF,ON,OFF,OFF,ON,0.0,66.7,59.5,61.5,66.2,66.7,14.3,39,0.081,0.084,17.7,1.2,6.0,-2.5,2.3,-2.5,38.3,5.05,3.949,22,0,1,0.000,ON,OFF,OFF,OFF,OFF,OFF,OFF,OFF,OFF,OFF,OFF,OFF,OFF,OFF,OFF,OFF,OFF,OFF,OFF,OFF,OFF,0
19.973,5956,40.1,40.1,46.46,-0.42,0.979,1.105,19.82,1.107,OFF,4,OFF,4,26.69,26.69,298.41,31.80,6.055,85.9,37.2,13.35,4.50,3.22,19.2,72.3,14.0,14.0,32.767,0,0,ON,OFF,OFF,OFF,OFF,0.038,45.54,41,46,217.9,46.46,46.46,3,0.053,0.049,-0.33,19.852,81.3,79.0,17.387,70.8,72.7,10.479,20.366,1.93,-2.02,26.77,0.62,ON,OFF,ON,OFF,OFF,ON,0.0,67.4,60.6,61.0,66.1,67.3,14.3,33,0.123,0.057,17.9,2.8,6.2,-2.4,1.3,-2.6,38.3,5.05,3.977,22,0,1,0.000,ON,OFF,OFF,OFF,OFF,OFF,OFF,OFF,OFF,OFF,OFF,OFF,OFF,OFF,OFF,OFF,OFF,OFF,OFF,OFF,OFF,0
20.013,6005,40.4,40.4,45.30,-0.41,0.978,1.120,20.64,1.120,OFF,4,OFF,4,26.56,26.56,298.43,31.65,6.044,85.9,37.1,13.35,4.50,3.22,19.2,72.3,14.0,14.0,32.767,0,0,ON,OFF,OFF,OFF,OFF,0.032,45.54,41,46,217.9,45.30,45.30,3,0.053,0.049,-0.33,19.808,81.3,79.0,17.140,70.8,72.7,8.494,20.389,0.01,-3.95,-2.92,0.63,ON,OFF,ON,OFF,OFF,ON,0.0,67.6,59.0,62.8,66.5,67.4,14.2,28,0.150,0.038,17.9,0.8,6.3,-2.4,2.0,-2.6,38.3,5.05,4.006,22,0,1,0.000,ON,OFF,OFF,OFF,OFF,OFF,OFF,OFF,OFF,OFF,OFF,OFF,OFF,OFF,OFF,OFF,OFF,OFF,OFF,OFF,OFF,0
20.053,6050,40.7,40.7,44.44,-0.40,0.978,1.123,21.29,1.124,OFF,4,OFF,4,26.44,26.44,298.46,31.49,6.033,85.9,37.1,13.35,4.50,3.22,19.2,72.2,14.0,14.0,32.767,0,0,ON,OFF,OFF,OFF,OFF,0.027,45.54,41,46,217.9,44.44,44.44,3,0.053,0.049,-0.33,19.887,81.3,79.0,17.159,70.8,72.7,8.783,20.379,0.47,-1.62,9.37,0.83,ON,OFF,ON,OFF,OFF,ON,0.0,67.6,60.5,63.0,66.9,67.2,14.1,22,0.138,0.028,17.9,-0.2,6.4,-2.2,2.4,-2.6,38.3,5.05,4.034,22,0,1,0.000,ON,OFF,OFF,OFF,OFF,OFF,OFF,OFF,OFF,OFF,OFF,OFF,OFF,OFF,OFF,OFF,OFF,OFF,OFF,OFF,OFF,0
20.093,6084,40.9,40.9,43.83,-0.39,0.978,1.128,21.95,1.123,OFF,4,OFF,4,26.31,26.31,298.48,31.34,6.023,85.9,37.1,13.35,4.50,3.22,19.2,72.2,14.0,14.0,32.767,0,0,ON,OFF,OFF,OFF,OFF,0.021,45.54,40,46,217.9,43.83,43.83,3,0.053,0.049,-0.33,19.858,81.3,79.0,17.191,70.8,72.7,9.137,20.319,-0.38,-0.77,4.36,-0.35,ON,OFF,ON,OFF,OFF,ON,0.0,68.6,63.1,62.5,67.3,68.5,14.0,17,0.132,0.060,18.0,2.1,6.6,-2.1,2.1,-2.6,38.3,5.05,4.063,22,0,1,0.000,OFF,OFF,OFF,OFF,OFF,OFF,OFF,OFF,OFF,OFF,OFF,OFF,OFF,OFF,OFF,OFF,OFF,OFF,OFF,OFF,OFF,0
20.133,6087,41.2,41.2,43.44,-0.38,0.977,1.132,22.75,1.111,OFF,4,OFF,4,26.19,26.19,298.50,31.19,6.012,85.9,37.1,13.36,4.50,3.22,19.2,72.2,14.0,14.0,32.767,0,0,ON,OFF,OFF,OFF,OFF,0.015,45.54,40,46,217.9,43.44,43.44,3,0.053,0.049,-0.33,19.738,81.3,79.0,17.054,70.8,72.7,8.728,20.346,-1.63,-2.12,-10.54,0.31,ON,OFF,ON,OFF,OFF,ON,0.0,68.7,62.4,61.5,67.4,68.7,13.9,11,0.165,0.067,18.1,3.4,6.7,-2.1,1.0,-2.6,38.3,5.05,4.091,22,0,1,0.000,OFF,OFF,OFF,OFF,OFF,OFF,OFF,OFF,OFF,OFF,OFF,OFF,OFF,OFF,OFF,OFF,OFF,OFF,OFF,OFF,OFF,0
20.173,6101,41.5,41.5,43.14,-0.38,0.977,1.118,23.51,1.098,OFF,4,OFF,4,26.06,26.06,298.53,31.03,6.001,85.9,37.1,13.36,4.50,3.23,19.2,72.2,14.0,14.0,32.767,0,0,ON,OFF,OFF,OFF,OFF,0.009,45.54,40,46,217.9,43.14,43.14,3,0.053,0.049,-0.33,19.627,81.2,79.0,16.800,70.8,72.7,9.083,20.379,-1.59,-3.00,-12.23,0.84,ON,OFF,ON,OFF,OFF,ON,0.0,69.1,61.6,62.5,67.7,69.1,13.8,6,0.191,0.054,18.2,0.7,6.9,-2.1,2.2,-2.6,38.3,5.05,4.120,22,0,1,0.000,OFF,OFF,OFF,OFF,OFF,OFF,OFF,OFF,OFF,OFF,OFF,OFF,OFF,OFF,OFF,OFF,OFF,OFF,OFF,OFF,OFF,0
20.213,6153,41.4,41.4,42.98,-0.38,0.977,1.093,23.71,1.078,OFF,4,OFF,4,25.86,25.86,298.51,30.79,5.967,85.9,37.1,13.36,4.50,3.23,19.2,72.2,14.0,14.0,32.767,0,0,ON,OFF,OFF,OFF,OFF,0.005,45.54,40,46,217.9,42.98,42.98,3,0.053,0.049,-0.33,19.752,81.2,79.0,16.856,70.8,72.7,8.739,20.411,1.35,-0.01,-16.48,0.62,ON,OFF,ON,OFF,OFF,ON,0.0,69.2,63.9,61.9,68.1,69.2,13.8,1,0.161,0.067,18.2,-0.1,7.2,-1.9,2.7,-2.5,38.3,5.05,4.148,22,0,1,0.000,OFF,OFF,OFF,OFF,OFF,OFF,OFF,OFF,OFF,OFF,OFF,OFF,OFF,OFF,OFF,OFF,OFF,OFF,OFF,OFF,OFF,0
20.253,6203,41.4,41.4,43.03,-0.38,0.977,1.073,23.86,1.067,OFF,4,OFF,4,25.49,25.49,298.40,30.36,5.880,85.9,37.1,13.36,4.50,3.23,19.2,72.2,14.0,14.0,32.767,0,0,ON,OFF,OFF,OFF,OFF,0.004,45.54,39,45,217.9,43.03,43.03,3,0.053,0.049,-0.33,19.784,81.3,79.0,16.977,70.8,72.7,9.020,20.396,1.05,1.64,-1.40,0.09,ON,OFF,ON,OFF,OFF,ON,0.0,69.8,64.5,63.0,68.5,69.7,13.7,-1,0.145,0.099,18.3,3.0,7.4,-1.8,2.1,-2.5,38.3,5.05,4.177,22,0,1,0.000,OFF,OFF,OFF,OFF,OFF,OFF,OFF,OFF,OFF,OFF,OFF,OFF,OFF,OFF,OFF,OFF,OFF,OFF,OFF,OFF,OFF,0
20.293,6221,41.9,41.9,43.04,-0.38,0.977,1.066,24.13,1.071,OFF,4,OFF,4,25.13,25.13,298.28,29.92,5.792,85.9,37.1,13.35,4.50,3.23,19.2,72.3,14.0,14.0,32.767,0,0,ON,OFF,OFF,OFF,OFF,0.004,45.54,39,44,217.9,43.04,43.04,3,0.053,0.049,-0.34,19.600,81.3,79.0,16.920,70.8,72.7,8.721,20.413,-2.09,-0.25,-0.49,0.04,ON,OFF,ON,OFF,OFF,ON,0.0,69.7,64.7,61.4,68.9,69.2,13.6,-3,0.163,0.094,18.4,3.9,7.6,-1.8,1.5,-2.5,38.3,5.05,4.205,22,0,1,0.000,OFF,OFF,OFF,OFF,OFF,OFF,OFF,OFF,OFF,OFF,OFF,OFF,OFF,OFF,OFF,OFF,OFF,OFF,OFF,OFF,OFF,0
20.333,6236,41.9,41.9,42.92,-0.38,0.977,1.068,24.62,1.068,OFF,4,OFF,4,24.76,24.76,298.17,29.49,5.705,85.9,37.1,13.35,4.50,3.23,19.2,72.3,14.0,14.0,32.767,0,0,ON,OFF,OFF,OFF,OFF,0.003,45.54,38,44,217.9,42.92,42.92,3,0.053,0.049,-0.34,19.289,81.3,79.0,16.810,70.8,72.7,9.490,20.436,-5.48,-1.97,6.86,0.20,ON,OFF,ON,OFF,OFF,ON,0.0,69.8,64.8,61.4,69.7,69.0,13.5,-6,0.207,0.115,18.5,0.4,7.8,-1.7,1.5,-2.5,38.3,5.05,4.234,22,0,1,0.000,OFF,OFF,OFF,OFF,OFF,OFF,OFF,OFF,OFF,OFF,OFF,OFF,OFF,OFF,OFF,OFF,OFF,OFF,OFF,OFF,OFF,0
20.373,6260,41.6,41.6,42.86,-0.38,0.977,1.063,24.94,1.059,OFF,4,OFF,4,24.39,24.39,298.06,29.05,5.618,85.9,37.1,13.35,4.50,3.23,19.2,72.2,14.0,14.0,32.767,0,0,ON,OFF,OFF,OFF,OFF,0.002,45.54,37,43,217.9,42.86,42.86,3,0.053,0.049,-0.34,19.339,81.2,79.0,16.819,70.8,72.7,10.847,20.420,-1.87,-1.15,6.75,-0.10,ON,OFF,ON,OFF,OFF,ON,0.0,70.2,64.9,61.7,70.2,69.5,13.4,-8,0.200,0.109,18.5,-2.0,8.1,-1.7,2.0,-2.5,38.3,5.05,4.263,22,0,1,0.000,OFF,OFF,OFF,OFF,OFF,OFF,OFF,OFF,OFF,OFF,OFF,OFF,OFF,OFF,OFF,OFF,OFF,OFF,OFF,OFF,OFF,0
20.413,6287,41.4,41.4,43.14,-0.38,0.977,1.054,24.99,1.032,OFF,4,OFF,4,24.03,24.03,297.94,28.61,5.530,85.9,37.1,13.35,4.50,3.23,19.2,72.2,14.0,14.0,32.767,0,0,ON,OFF,OFF,OFF,OFF,0.001,45.54,37,42,217.9,43.14,43.14,3,0.053,0.049,-0.34,19.316,81.2,79.0,16.618,70.8,72.7,10.959,20.297,-1.44,-4.30,1.45,-1.38,ON,OFF,ON,OFF,OFF,ON,0.0,70.2,64.5,61.7,70.2,69.1,13.3,-10,0.187,0.141,18.4,-1.0,8.4,-1.6,1.8,-2.6,38.3,5.05,4.292,22,0,1,0.000,OFF,OFF,OFF,OFF,OFF,OFF,OFF,OFF,OFF,OFF,OFF,OFF,OFF,OFF,OFF,OFF,OFF,OFF,OFF,OFF,OFF,0
20.453,6290,41.3,41.3,43.45,-0.38,0.977,1.028,25.00,1.024,OFF,4,OFF,4,23.66,23.66,297.83,28.18,5.443,85.9,37.1,13.35,4.50,3.24,19.2,72.2,14.0,14.0,32.767,0,0,ON,OFF,OFF,OFF,OFF,0.001,45.54,36,42,217.9,43.45,43.45,3,0.053,0.049,-0.34,19.170,81.2,79.0,16.064,70.8,72.7,10.209,20.270,-2.45,-10.14,-4.22,-0.98,ON,OFF,ON,OFF,OFF,ON,0.0,69.7,63.8,61.8,69.7,69.3,13.2,-12,0.198,0.148,18.4,-0.6,8.6,-1.5,1.1,-2.5,38.3,5.05,4.320,22,0,1,0.000,OFF,OFF,OFF,OFF,OFF,OFF,OFF,OFF,OFF,OFF,OFF,OFF,OFF,OFF,OFF,OFF,OFF,OFF,OFF,OFF,OFF,0
20.493,6314,40.8,40.8,43.76,-0.39,0.977,1.032,25.00,1.026,OFF,4,OFF,4,23.30,23.30,297.71,27.74,5.356,85.9,37.1,13.35,4.50,3.24,19.2,72.2,14.0,14.0,32.767,0,0,ON,OFF,OFF,OFF,OFF,0.001,45.54,36,41,217.9,43.76,43.76,3,0.053,0.049,-0.34,19.354,81.2,79.0,16.073,70.8,72.7,10.968,20.270,2.47,-3.26,10.94,-0.79,ON,OFF,ON,OFF,OFF,ON,0.0,70.2,64.7,62.2,70.2,69.5,13.2,-15,0.189,0.134,18.3,-1.5,8.8,-1.4,2.2,-2.6,38.3,5.05,4.349,22,0,1,0.000,OFF,OFF,OFF,OFF,OFF,OFF,OFF,OFF,OFF,OFF,OFF,OFF,OFF,OFF,OFF,OFF,OFF,OFF,OFF,OFF,OFF,0
20.533,6366,39.5,39.5,44.51,-0.39,0.977,1.027,25.00,1.014,OFF,4,OFF,4,22.93,22.93,297.60,27.31,5.269,85.9,37.1,13.35,4.50,3.24,19.2,72.2,14.0,14.0,32.767,0,0,ON,OFF,OFF,OFF,OFF,0.001,45.54,35,40,217.9,44.51,44.51,3,0.053,0.049,-0.34,20.166,81.2,79.0,16.898,70.8,72.7,9.072,20.292,11.69,10.98,-3.01,0.12,ON,OFF,ON,OFF,OFF,ON,0.0,70.5,63.1,63.7,70.4,70.1,13.1,-17,0.138,0.128,18.3,2.5,9.0,-1.3,3.1,-2.6,38.3,5.05,4.378,22,0,1,0.000,OFF,OFF,OFF,OFF,OFF,OFF,OFF,OFF,OFF,OFF,OFF,OFF,OFF,OFF,OFF,OFF,OFF,OFF,OFF,OFF,OFF,0
20.573,6395,38.6,38.6,45.63,-0.40,0.978,1.016,25.00,1.009,OFF,4,OFF,4,22.56,22.56,297.49,26.87,5.181,86.0,37.1,13.35,4.50,3.24,19.2,72.2,14.0,14.0,32.767,0,0,ON,OFF,OFF,OFF,OFF,0.000,45.54,35,40,217.9,45.63,45.63,3,0.053,0.049,-0.34,20.593,81.2,79.0,17.911,70.8,72.7,8.831,20.475,12.17,20.77,-29.70,3.44,ON,OFF,ON,OFF,OFF,ON,0.0,71.5,63.2,65.5,71.2,71.3,13.0,-19,0.119,0.152,18.6,8.8,9.2,-1.2,0.5,-2.6,38.3,5.05,4.406,22,0,1,0.000,OFF,OFF,OFF,OFF,OFF,OFF,OFF,OFF,OFF,OFF,OFF,OFF,OFF,OFF,OFF,OFF,OFF,OFF,OFF,OFF,OFF,0
20.613,6409,38.4,38.4,46.47,-0.41,0.978,1.016,24.99,1.007,OFF,4,OFF,4,22.20,22.20,297.37,26.43,5.094,86.0,37.1,13.35,4.50,3.25,19.2,72.2,14.0,14.0,32.767,0,0,ON,OFF,OFF,OFF,OFF,0.000,45.54,34,39,217.9,46.47,46.47,3,0.053,0.049,-0.34,20.502,81.2,79.0,17.580,70.8,72.7,9.759,20.914,3.39,3.17,-17.75,7.46,ON,OFF,ON,OFF,OFF,ON,0.0,72.1,63.4,64.9,71.5,71.9,12.9,-21,0.187,0.106,18.9,7.9,9.4,-1.2,1.0,-2.7,38.3,5.05,4.435,22,0,1,0.000,OFF,OFF,OFF,OFF,OFF,OFF,OFF,OFF,OFF,OFF,OFF,OFF,OFF,OFF,OFF,OFF,OFF,OFF,OFF,OFF,OFF,0
20.653,6421,38.1,38.1,47.09,-0.42,0.978,1.007,24.95,0.989,OFF,4,OFF,4,21.83,21.83,297.26,26.00,5.007,86.0,37.1,13.35,4.50,3.25,19.3,72.2,14.0,14.0,32.767,0,0,ON,OFF,OFF,OFF,OFF,0.000,45.54,33,38,217.9,47.09,47.09,3,0.053,0.049,-0.34,20.041,81.2,79.0,16.790,70.8,72.7,9.788,20.995,-3.41,-8.02,-23.91,1.67,ON,OFF,ON,OFF,OFF,ON,0.0,72.3,63.3,67.1,71.7,72.0,12.8,-23,0.235,0.077,19.1,-0.5,9.6,-1.2,0.1,-3.1,38.3,5.05,4.464,22,0,1,0.000,OFF,OFF,OFF,OFF,OFF,OFF,OFF,OFF,OFF,OFF,OFF,OFF,OFF,OFF,OFF,OFF,OFF,OFF,OFF,OFF,OFF,0
20.693,6470,37.3,37.3,47.69,-0.43,0.979,0.977,24.84,0.975,OFF,4,OFF,4,21.47,21.47,297.14,25.56,4.920,86.0,37.1,13.35,4.50,3.26,19.3,72.2,14.0,14.0,32.767,0,0,ON,OFF,OFF,OFF,OFF,0.000,45.54,33,38,217.9,47.69,47.69,3,0.053,0.049,-0.34,20.168,81.2,79.0,16.042,70.8,72.7,9.376,20.080,0.30,-9.82,-54.36,-13.69,ON,OFF,ON,OFF,OFF,ON,0.0,73.3,64.7,66.6,72.2,73.2,12.7,-26,0.224,0.060,18.9,-4.8,9.7,-1.2,0.3,-3.8,38.3,5.05,4.492,22,0,1,0.000,OFF,OFF,OFF,OFF,OFF,OFF,OFF,OFF,OFF,OFF,OFF,OFF,OFF,OFF,OFF,OFF,OFF,OFF,OFF,OFF,OFF,0
20.733,6521,35.1,35.1,48.71,-0.44,0.979,0.971,24.73,0.970,OFF,4,OFF,4,21.10,21.10,297.03,25.13,4.832,86.0,37.1,13.35,4.50,3.26,19.3,72.2,14.0,14.0,32.767,0,0,ON,OFF,OFF,OFF,OFF,0.000,45.54,32,37,217.9,48.71,48.71,3,0.053,0.049,-0.34,20.259,81.3,79.0,16.103,70.8,72.7,9.069,19.191,1.31,-3.74,-170.23,-15.89,ON,OFF,ON,OFF,OFF,ON,0.0,73.5,66.4,65.8,72.6,73.5,12.6,-28,0.141,0.063,18.8,-0.1,9.8,-1.2,0.6,-3.9,38.4,5.05,4.521,22,0,1,0.000,OFF,OFF,OFF,OFF,OFF,OFF,OFF,OFF,OFF,OFF,OFF,OFF,OFF,OFF,OFF,OFF,OFF,OFF,OFF,OFF,OFF,0
20.773,6494,30.1,30.1,50.33,-0.47,0.979,0.966,24.63,0.965,OFF,4,OFF,4,20.74,20.74,296.92,24.69,4.745,86.0,37.1,13.35,4.50,3.27,19.3,72.2,14.0,14.0,32.767,0,0,ON,OFF,OFF,OFF,OFF,0.000,45.54,32,36,217.9,50.33,50.33,3,0.053,0.049,-0.35,20.261,81.3,79.0,16.071,70.8,72.7,9.428,19.361,0.53,-2.09,-294.18,-3.55,ON,OFF,ON,OFF,OFF,ON,0.0,74.0,64.8,66.7,72.6,73.9,12.5,-30,0.115,0.089,18.9,4.8,9.8,-1.2,-1.4,-3.9,38.4,5.05,4.550,22,0,1,0.000,OFF,OFF,OFF,OFF,OFF,OFF,OFF,OFF,OFF,OFF,OFF,OFF,OFF,OFF,OFF,OFF,OFF,OFF,OFF,OFF,OFF,0
20.813,6476,20.5,20.5,53.16,-0.51,0.979,0.951,24.32,0.943,OFF,4,OFF,4,20.37,20.37,296.80,24.25,4.658,86.0,37.1,13.35,4.50,3.27,19.3,72.2,14.0,14.0,32.767,0,0,ON,OFF,OFF,OFF,OFF,0.000,45.54,31,36,217.9,53.16,53.16,3,0.053,0.049,-0.35,20.248,81.2,79.0,15.993,70.8,72.7,10.186,19.780,0.44,-1.16,-130.46,4.15,ON,OFF,ON,OFF,OFF,ON,0.0,73.4,65.7,64.9,73.0,72.9,12.5,-32,0.178,0.072,19.0,1.2,9.9,-1.2,-1.1,-3.9,38.4,5.05,4.579,22,0,1,0.000,OFF,OFF,OFF,OFF,OFF,OFF,OFF,OFF,OFF,OFF,OFF,OFF,OFF,OFF,OFF,OFF,OFF,OFF,OFF,OFF,OFF,0
20.853,6465,8.9,8.9,56.79,-0.58,0.981,0.940,23.97,0.919,OFF,4,OFF,4,20.00,20.00,296.69,23.82,4.571,86.0,37.1,13.35,4.50,3.27,19.3,72.2,14.0,14.0,32.767,0,0,ON,OFF,OFF,OFF,OFF,0.000,45.54,30,35,217.9,56.79,56.79,3,0.053,0.049,-0.35,20.457,81.2,79.0,16.295,70.8,72.7,10.020,19.570,3.11,3.55,-61.32,-1.11,ON,OFF,ON,OFF,OFF,ON,0.0,73.2,66.8,65.0,73.2,72.3,12.4,-35,0.170,0.093,18.9,-3.6,10.1,-1.3,-0.7,-3.9,38.4,5.05,4.607,22,0,1,0.000,OFF,OFF,OFF,OFF,OFF,OFF,OFF,OFF,OFF,OFF,OFF,OFF,OFF,OFF,OFF,OFF,OFF,OFF,OFF,OFF,OFF,0
20.893,6413,2.4,2.4,59.81,-0.64,0.982,0.911,23.24,0.894,OFF,4,OFF,4,19.64,19.64,296.58,23.38,4.483,86.0,37.0,13.34,4.50,3.26,19.3,72.2,14.0,14.0,32.767,0,0,ON,OFF,OFF,OFF,OFF,0.000,45.54,30,34,217.9,59.81,59.81,3,0.053,0.049,-0.35,20.708,81.2,79.0,16.709,70.8,72.7,9.736,19.094,3.65,4.86,-29.41,-5.58,ON,OFF,ON,OFF,OFF,ON,0.0,73.1,65.2,66.2,72.9,72.8,12.3,-37,0.062,0.100,18.9,-0.6,10.2,-1.3,-1.8,-3.9,38.4,5.05,4.636,22,0,1,0.000,OFF,OFF,OFF,OFF,OFF,OFF,OFF,OFF,OFF,OFF,OFF,OFF,OFF,OFF,OFF,OFF,OFF,OFF,OFF,OFF,OFF,0
20.933,6371,1.3,1.3,61.54,-0.70,0.983,0.882,22.41,0.879,OFF,4,OFF,4,19.27,19.27,296.46,22.95,4.396,86.0,37.0,13.34,4.50,3.26,19.3,72.2,14.0,14.0,32.767,0,0,ON,OFF,OFF,OFF,OFF,0.000,45.54,29,33,217.9,61.54,61.54,3,0.053,0.049,-0.35,20.516,81.3,79.0,16.667,70.8,72.7,10.236,19.119,-0.36,1.96,-8.48,-2.65,ON,OFF,ON,OFF,OFF,ON,0.0,72.6,64.9,67.0,71.8,72.3,12.2,-39,-0.014,0.090,19.0,2.9,10.4,-1.4,-2.4,-3.9,38.4,5.05,4.665,22,0,1,0.000,OFF,OFF,OFF,OFF,OFF,OFF,OFF,OFF,OFF,OFF,OFF,OFF,OFF,OFF,OFF,OFF,OFF,OFF,OFF,OFF,OFF,0
20.973,6297,1.4,1.4,61.98,-0.73,0.984,0.885,22.16,0.879,OFF,4,OFF,4,18.91,18.91,296.35,22.51,4.309,86.0,37.0,13.34,4.50,3.25,19.3,72.2,14.0,14.0,32.767,0,0,ON,OFF,OFF,OFF,OFF,0.000,45.54,29,33,217.9,61.98,61.98,3,0.053,0.049,-0.35,20.556,81.3,79.0,16.593,70.8,72.7,10.345,19.231,0.55,0.39,1.31,0.63,ON,OFF,ON,OFF,OFF,ON,0.0,72.6,64.9,66.1,71.3,72.6,12.1,-41,-0.035,0.059,19.0,0.9,10.6,-1.5,-1.6,-3.9,38.4,5.05,4.693,22,0,1,0.000,OFF,OFF,OFF,OFF,OFF,OFF,OFF,OFF,OFF,OFF,OFF,OFF,OFF,OFF,OFF,OFF,OFF,OFF,OFF,OFF,OFF,0
21.013,6198,2.7,2.7,61.80,-0.76,0.985,0.873,21.64,0.860,OFF,4,OFF,4,18.54,18.54,296.23,22.08,4.222,86.0,37.0,13.34,4.50,3.25,19.3,72.2,14.0,14.0,32.767,0,0,ON,OFF,OFF,OFF,OFF,0.000,45.54,28,32,217.9,61.80,61.80,3,0.053,0.049,-0.35,20.860,81.3,79.0,16.736,70.8,72.7,9.777,19.190,4.28,1.35,-4.23,0.02,ON,OFF,ON,OFF,OFF,ON,0.0,72.3,64.5,68.1,71.4,72.2,12.0,-43,-0.080,0.023,19.0,-1.3,10.8,-1.6,-1.0,-3.9,38.4,5.05,4.722,22,0,1,0.000,OFF,OFF,OFF,OFF,OFF,OFF,OFF,OFF,OFF,OFF,OFF,OFF,OFF,OFF,OFF,OFF,OFF,OFF,OFF,OFF,OFF,0
21.053,6171,10.2,10.2,61.63,-0.77,0.985,0.845,20.77,0.838,OFF,4,OFF,4,18.17,18.17,296.12,21.64,4.134,86.0,37.0,13.34,4.50,3.25,19.3,72.2,14.0,14.0,32.767,0,0,ON,OFF,OFF,OFF,OFF,0.000,45.54,28,31,217.9,61.63,61.63,3,0.053,0.049,-0.35,21.126,81.3,79.0,16.644,70.8,72.7,9.654,19.193,7.24,-1.08,-3.92,-0.03,ON,OFF,ON,OFF,OFF,ON,0.0,72.5,65.7,67.1,70.7,72.4,11.9,-46,-0.133,-0.004,19.0,-0.4,10.9,-1.6,1.2,-3.9,38.4,5.05,4.751,22,0,1,0.000,ON,OFF,OFF,OFF,OFF,OFF,OFF,OFF,OFF,OFF,OFF,OFF,OFF,OFF,OFF,OFF,OFF,OFF,OFF,OFF,OFF,0
21.093,6301,25.0,25.0,61.94,-0.75,0.985,0.831,19.98,0.832,OFF,4,OFF,4,17.81,17.81,296.01,21.20,4.047,86.0,37.0,13.34,4.50,3.25,19.3,72.2,14.0,14.0,32.767,0,0,ON,OFF,OFF,OFF,OFF,0.000,45.54,27,31,217.9,61.94,61.94,3,0.053,0.049,-0.35,21.730,81.3,79.1,16.354,70.8,72.7,9.543,19.206,11.89,-5.05,-3.56,-0.17,ON,OFF,ON,OFF,OFF,ON,0.0,71.1,68.0,64.8,69.9,70.6,11.8,-48,-0.213,-0.058,19.0,-0.1,11.0,-1.5,1.5,-4.0,38.4,5.05,4.779,22,0,1,0.000,ON,OFF,OFF,OFF,OFF,OFF,OFF,OFF,OFF,OFF,OFF,OFF,OFF,OFF,OFF,OFF,OFF,OFF,OFF,OFF,OFF,0
21.133,6408,33.3,33.3,61.80,-0.71,0.985,0.841,19.68,0.846,OFF,5,OFF,4,17.44,17.44,295.89,20.77,3.960,86.0,37.0,13.34,4.50,3.25,19.3,72.3,14.0,14.0,32.767,0,0,ON,OFF,OFF,OFF,OFF,0.000,45.54,26,30,217.9,61.80,61.80,3,0.053,0.049,-0.35,22.744,81.3,79.1,16.230,70.8,72.8,9.399,19.179,18.14,-3.62,-2.90,-1.05,ON,OFF,ON,OFF,OFF,ON,0.0,71.2,68.4,64.0,71.0,70.4,11.8,-50,-0.242,-0.122,19.0,0.3,10.9,-1.4,2.1,-4.4,38.4,5.05,4.808,22,0,1,0.000,ON,OFF,OFF,OFF,OFF,OFF,OFF,OFF,OFF,OFF,OFF,OFF,OFF,OFF,OFF,OFF,OFF,OFF,OFF,OFF,OFF,0
